{"cameraMode":{"drawMode":0,"name":"Shaded","section":"Shading Mode"},"sceneLighting":false,"audioPlay":false,"sceneViewState":{"showFog":true,"showMaterialUpdate":false,"showSkybox":false,"showFlares":true,"showImageEffects":true,"showParticleSystems":true},"in2DMode":false,"pivot":{"x":0.7869985103607178,"y":-0.2792785167694092,"z":-0.21789050102233888},"rotation":{"x":-0.13170912861824037,"y":-0.15779940783977509,"z":0.021241754293441774,"w":-0.9784218072891235},"size":1.1244637966156006,"orthographic":false}